Workbook

Sheet Markbook
A1: Student | B1: KA1 | C1: KA2 | D1: KA3 | E1: KA4 | F1: KA5 | G1: KA6 | H1: KA7 | I1: KA8 | J1: CAP1 | K1: CAP2 | L1: CAP3 | M1: CAP4 | N1: CAP5 | O1: Avg % | P1: Grade
A2: Max mark →
A3: Student 1 | O3: =IFERROR(SUM(B3:N3)/SUMPRODUCT((B3:N3<>"")*$B$2:$N$2),"") | P3: =IFERROR(VLOOKUP(O3,'Grade Boundaries'!$A$2:$B$8,2,TRUE),"")
A4: Student 2 | O4: =IFERROR(SUM(B4:N4)/SUMPRODUCT((B4:N4<>"")*$B$2:$N$2),"") | P4: =IFERROR(VLOOKUP(O4,'Grade Boundaries'!$A$2:$B$8,2,TRUE),"")
A5: Student 3 | O5: =IFERROR(SUM(B5:N5)/SUMPRODUCT((B5:N5<>"")*$B$2:$N$2),"") | P5: =IFERROR(VLOOKUP(O5,'Grade Boundaries'!$A$2:$B$8,2,TRUE),"")
A6: Student 4 | O6: =IFERROR(SUM(B6:N6)/SUMPRODUCT((B6:N6<>"")*$B$2:$N$2),"") | P6: =IFERROR(VLOOKUP(O6,'Grade Boundaries'!$A$2:$B$8,2,TRUE),"")
A7: Student 5 | O7: =IFERROR(SUM(B7:N7)/SUMPRODUCT((B7:N7<>"")*$B$2:$N$2),"") | P7: =IFERROR(VLOOKUP(O7,'Grade Boundaries'!$A$2:$B$8,2,TRUE),"")
A8: Student 6 | O8: =IFERROR(SUM(B8:N8)/SUMPRODUCT((B8:N8<>"")*$B$2:$N$2),"") | P8: =IFERROR(VLOOKUP(O8,'Grade Boundaries'!$A$2:$B$8,2,TRUE),"")
A9: Student 7 | O9: =IFERROR(SUM(B9:N9)/SUMPRODUCT((B9:N9<>"")*$B$2:$N$2),"") | P9: =IFERROR(VLOOKUP(O9,'Grade Boundaries'!$A$2:$B$8,2,TRUE),"")
A10: Student 8 | O10: =IFERROR(SUM(B10:N10)/SUMPRODUCT((B10:N10<>"")*$B$2:$N$2),"") | P10: =IFERROR(VLOOKUP(O10,'Grade Boundaries'!$A$2:$B$8,2,TRUE),"")
A11: Student 9 | O11: =IFERROR(SUM(B11:N11)/SUMPRODUCT((B11:N11<>"")*$B$2:$N$2),"") | P11: =IFERROR(VLOOKUP(O11,'Grade Boundaries'!$A$2:$B$8,2,TRUE),"")
A12: Student 10 | O12: =IFERROR(SUM(B12:N12)/SUMPRODUCT((B12:N12<>"")*$B$2:$N$2),"") | P12: =IFERROR(VLOOKUP(O12,'Grade Boundaries'!$A$2:$B$8,2,TRUE),"")
A13: Student 11 | O13: =IFERROR(SUM(B13:N13)/SUMPRODUCT((B13:N13<>"")*$B$2:$N$2),"") | P13: =IFERROR(VLOOKUP(O13,'Grade Boundaries'!$A$2:$B$8,2,TRUE),"")
A14: Student 12 | O14: =IFERROR(SUM(B14:N14)/SUMPRODUCT((B14:N14<>"")*$B$2:$N$2),"") | P14: =IFERROR(VLOOKUP(O14,'Grade Boundaries'!$A$2:$B$8,2,TRUE),"")
... A26: Student 24 | O26: =IFERROR(SUM(B26:N26)/SUMPRODUCT((B26:N26<>"")*$B$2:$N$2),"") | P26: =IFERROR(VLOOKUP(O26,'Grade Boundaries'!$A$2:$B$8,2,TRUE),"")
A28: CLASS AVERAGE % | B28: =IFERROR(AVERAGE(B3:B26)/B2,"") | C28: =IFERROR(AVERAGE(C3:C26)/C2,"") | D28: =IFERROR(AVERAGE(D3:D26)/D2,"") | E28: =IFERROR(AVERAGE(E3:E26)/E2,"") | F28: =IFERROR(AVERAGE(F3:F26)/F2,"") | G28: =IFERROR(AVERAGE(G3:G26)/G2,"") | H28: =IFERROR(AVERAGE(H3:H26)/H2,"") | I28: =IFERROR(AVERAGE(I3:I26)/I2,"") | ... N28: =IFERROR(AVERAGE(N3:N26)/N2,"") | O28: =IFERROR(AVERAGE(O3:O26),"")
A30: How to use: enter each assessment's MAX MARK in the yellow row 2, then type each student's raw mark.
A31: Avg % = total marks gained / total marks available across attempted assessments. Grade auto-looks-up the boundaries.
A32: Edit grade boundaries on the 'Grade Boundaries' tab. Replace 'Student N' with real names. Add rows for more students.
A33: KA = Key Assessment (formative), CAP = attainment checkpoint — both from the scheme of work.

Sheet Grade Boundaries
A1: Min % | B1: Grade
A2: 0 | B2: U | D2: Edit the Min % thresholds to match the grade boundaries you use.
A3: 0.4 | B3: E
A4: 0.5 | B4: D
A5: 0.6 | B5: C
A6: 0.7 | B6: B
A7: 0.8 | B7: A
A8: 0.9 | B8: A*
